,Webpage
Jamppi,https://hltv.org/stats/players/14087/Jamppi?startDate=2019-01-01&endDate=2019-12-31&matchType=Lan
ZywOo,https://hltv.org/stats/players/11893/ZywOo?startDate=2019-01-01&endDate=2019-12-31&matchType=Lan
s1mple,https://hltv.org/stats/players/7998/s1mple?startDate=2019-01-01&endDate=2019-12-31&matchType=Lan
witz,https://hltv.org/stats/players/13995/witz?startDate=2019-01-01&endDate=2019-12-31&matchType=Lan
Papichulo,https://hltv.org/stats/players/15440/Papichulo?startDate=2019-01-01&endDate=2019-12-31&matchType=Lan
device,https://hltv.org/stats/players/7592/device?startDate=2019-01-01&endDate=2019-12-31&matchType=Lan
xsepower,https://hltv.org/stats/players/12733/xsepower?startDate=2019-01-01&endDate=2019-12-31&matchType=Lan
INS,https://hltv.org/stats/players/11140/INS?startDate=2019-01-01&endDate=2019-12-31&matchType=Lan
EliGE,https://hltv.org/stats/players/8738/EliGE?startDate=2019-01-01&endDate=2019-12-31&matchType=Lan
huNter-,https://hltv.org/stats/players/3972/huNter-?startDate=2019-01-01&endDate=2019-12-31&matchType=Lan
electronic,https://hltv.org/stats/players/8918/electronic?startDate=2019-01-01&endDate=2019-12-31&matchType=Lan
Jame,https://hltv.org/stats/players/13776/Jame?startDate=2019-01-01&endDate=2019-12-31&matchType=Lan
stadodo,https://hltv.org/stats/players/11205/stadodo?startDate=2019-01-01&endDate=2019-12-31&matchType=Lan
Kaze,https://hltv.org/stats/players/8950/Kaze?startDate=2019-01-01&endDate=2019-12-31&matchType=Lan
obj,https://hltv.org/stats/players/9416/obj?startDate=2019-01-01&endDate=2019-12-31&matchType=Lan
ropz,https://hltv.org/stats/players/11816/ropz?startDate=2019-01-01&endDate=2019-12-31&matchType=Lan
vsm,https://hltv.org/stats/players/16816/vsm?startDate=2019-01-01&endDate=2019-12-31&matchType=Lan
NAF,https://hltv.org/stats/players/8520/NAF?startDate=2019-01-01&endDate=2019-12-31&matchType=Lan
syrsoN,https://hltv.org/stats/players/7266/syrsoN?startDate=2019-01-01&endDate=2019-12-31&matchType=Lan
sdy,https://hltv.org/stats/players/12731/sdy?startDate=2019-01-01&endDate=2019-12-31&matchType=Lan
GooseBreeder,https://hltv.org/stats/players/8850/GooseBreeder?startDate=2019-01-01&endDate=2019-12-31&matchType=Lan
JohnOlsen,https://hltv.org/stats/players/16911/JohnOlsen?startDate=2019-01-01&endDate=2019-12-31&matchType=Lan
PTC,https://hltv.org/stats/players/13238/PTC?startDate=2019-01-01&endDate=2019-12-31&matchType=Lan
mixwell,https://hltv.org/stats/players/8370/mixwell?startDate=2019-01-01&endDate=2019-12-31&matchType=Lan
woxic,https://hltv.org/stats/players/8574/woxic?startDate=2019-01-01&endDate=2019-12-31&matchType=Lan
Magisk,https://hltv.org/stats/players/9032/Magisk?startDate=2019-01-01&endDate=2019-12-31&matchType=Lan
Brehze,https://hltv.org/stats/players/9136/Brehze?startDate=2019-01-01&endDate=2019-12-31&matchType=Lan
poizon,https://hltv.org/stats/players/12126/poizon?startDate=2019-01-01&endDate=2019-12-31&matchType=Lan
NiKo,https://hltv.org/stats/players/3741/NiKo?startDate=2019-01-01&endDate=2019-12-31&matchType=Lan
jks,https://hltv.org/stats/players/4679/jks?startDate=2019-01-01&endDate=2019-12-31&matchType=Lan
Sobol,https://hltv.org/stats/players/15940/Sobol?startDate=2019-01-01&endDate=2019-12-31&matchType=Lan
Olivia,https://hltv.org/stats/players/10664/Olivia?startDate=2019-01-01&endDate=2019-12-31&matchType=Lan
coldzera,https://hltv.org/stats/players/9216/coldzera?startDate=2019-01-01&endDate=2019-12-31&matchType=Lan
roeJ,https://hltv.org/stats/players/14419/roeJ?startDate=2019-01-01&endDate=2019-12-31&matchType=Lan
Sico,https://hltv.org/stats/players/9102/Sico?startDate=2019-01-01&endDate=2019-12-31&matchType=Lan
KSCERATO,https://hltv.org/stats/players/15631/KSCERATO?startDate=2019-01-01&endDate=2019-12-31&matchType=Lan
BnTeT,https://hltv.org/stats/players/7131/BnTeT?startDate=2019-01-01&endDate=2019-12-31&matchType=Lan
Bubzkji,https://hltv.org/stats/players/9612/Bubzkji?startDate=2019-01-01&endDate=2019-12-31&matchType=Lan
dexter,https://hltv.org/stats/players/9115/dexter?startDate=2019-01-01&endDate=2019-12-31&matchType=Lan
floppy,https://hltv.org/stats/players/12713/floppy?startDate=2019-01-01&endDate=2019-12-31&matchType=Lan
Twistzz,https://hltv.org/stats/players/10394/Twistzz?startDate=2019-01-01&endDate=2019-12-31&matchType=Lan
dycha,https://hltv.org/stats/players/16080/dycha?startDate=2019-01-01&endDate=2019-12-31&matchType=Lan
PKL,https://hltv.org/stats/players/6593/PKL?startDate=2019-01-01&endDate=2019-12-31&matchType=Lan
MAIROLLS,https://hltv.org/stats/players/10666/MAIROLLS?startDate=2019-01-01&endDate=2019-12-31&matchType=Lan
kennyS,https://hltv.org/stats/players/7167/kennyS?startDate=2019-01-01&endDate=2019-12-31&matchType=Lan
FL1T,https://hltv.org/stats/players/12732/FL1T?startDate=2019-01-01&endDate=2019-12-31&matchType=Lan
BORKUM,https://hltv.org/stats/players/13994/BORKUM?startDate=2019-01-01&endDate=2019-12-31&matchType=Lan
smooya,https://hltv.org/stats/players/11271/smooya?startDate=2019-01-01&endDate=2019-12-31&matchType=Lan
HEN1,https://hltv.org/stats/players/8565/HEN1?startDate=2019-01-01&endDate=2019-12-31&matchType=Lan
frozen,https://hltv.org/stats/players/9960/frozen?startDate=2019-01-01&endDate=2019-12-31&matchType=Lan
biguzera,https://hltv.org/stats/players/18141/biguzera?startDate=2019-01-01&endDate=2019-12-31&matchType=Lan
Kntz,https://hltv.org/stats/players/10705/Kntz?startDate=2019-01-01&endDate=2019-12-31&matchType=Lan
JamYoung,https://hltv.org/stats/players/19645/JamYoung?startDate=2019-01-01&endDate=2019-12-31&matchType=Lan
acoR,https://hltv.org/stats/players/10330/acoR?startDate=2019-01-01&endDate=2019-12-31&matchType=Lan
rallen,https://hltv.org/stats/players/5388/rallen?startDate=2019-01-01&endDate=2019-12-31&matchType=Lan
SHiPZ,https://hltv.org/stats/players/11343/SHiPZ?startDate=2019-01-01&endDate=2019-12-31&matchType=Lan
WARDELL,https://hltv.org/stats/players/11264/WARDELL?startDate=2019-01-01&endDate=2019-12-31&matchType=Lan
JUST,https://hltv.org/stats/players/8998/JUST?startDate=2019-01-01&endDate=2019-12-31&matchType=Lan
Ethan,https://hltv.org/stats/players/10671/Ethan?startDate=2019-01-01&endDate=2019-12-31&matchType=Lan
pr,https://hltv.org/stats/players/15885/pr?startDate=2019-01-01&endDate=2019-12-31&matchType=Lan
sergej,https://hltv.org/stats/players/11916/sergej?startDate=2019-01-01&endDate=2019-12-31&matchType=Lan
cbbk,https://hltv.org/stats/players/10764/cbbk?startDate=2019-01-01&endDate=2019-12-31&matchType=Lan
Pro.,https://hltv.org/stats/players/12270/Pro.?startDate=2019-01-01&endDate=2019-12-31&matchType=Lan
jkaem,https://hltv.org/stats/players/8248/jkaem?startDate=2019-01-01&endDate=2019-12-31&matchType=Lan
Xyp9x,https://hltv.org/stats/players/4954/Xyp9x?startDate=2019-01-01&endDate=2019-12-31&matchType=Lan
allu,https://hltv.org/stats/players/695/allu?startDate=2019-01-01&endDate=2019-12-31&matchType=Lan
MICHU,https://hltv.org/stats/players/7356/MICHU?startDate=2019-01-01&endDate=2019-12-31&matchType=Lan
CeRq,https://hltv.org/stats/players/11219/CeRq?startDate=2019-01-01&endDate=2019-12-31&matchType=Lan
dupreeh,https://hltv.org/stats/players/7398/dupreeh?startDate=2019-01-01&endDate=2019-12-31&matchType=Lan
stk,https://hltv.org/stats/players/12129/stk?startDate=2019-01-01&endDate=2019-12-31&matchType=Lan
valde,https://hltv.org/stats/players/9031/valde?startDate=2019-01-01&endDate=2019-12-31&matchType=Lan
iDISBALANCE,https://hltv.org/stats/players/14273/iDISBALANCE?startDate=2019-01-01&endDate=2019-12-31&matchType=Lan
nexa,https://hltv.org/stats/players/9618/nexa?startDate=2019-01-01&endDate=2019-12-31&matchType=Lan
yuurih,https://hltv.org/stats/players/12553/yuurih?startDate=2019-01-01&endDate=2019-12-31&matchType=Lan
Brollan,https://hltv.org/stats/players/13666/Brollan?startDate=2019-01-01&endDate=2019-12-31&matchType=Lan
Noktse,https://hltv.org/stats/players/2161/Noktse?startDate=2019-01-01&endDate=2019-12-31&matchType=Lan
fer,https://hltv.org/stats/players/8564/fer?startDate=2019-01-01&endDate=2019-12-31&matchType=Lan
almazer,https://hltv.org/stats/players/11654/almazer?startDate=2019-01-01&endDate=2019-12-31&matchType=Lan
KRIMZ,https://hltv.org/stats/players/7528/KRIMZ?startDate=2019-01-01&endDate=2019-12-31&matchType=Lan
Flarich,https://hltv.org/stats/players/11250/Flarich?startDate=2019-01-01&endDate=2019-12-31&matchType=Lan
alex,https://hltv.org/stats/players/8371/alex?startDate=2019-01-01&endDate=2019-12-31&matchType=Lan
Kjaerbye,https://hltv.org/stats/players/8394/Kjaerbye?startDate=2019-01-01&endDate=2019-12-31&matchType=Lan
qikert,https://hltv.org/stats/players/13239/qikert?startDate=2019-01-01&endDate=2019-12-31&matchType=Lan
erkaSt,https://hltv.org/stats/players/11141/erkaSt?startDate=2019-01-01&endDate=2019-12-31&matchType=Lan
tabseN,https://hltv.org/stats/players/5794/tabseN?startDate=2019-01-01&endDate=2019-12-31&matchType=Lan
snatchie,https://hltv.org/stats/players/9574/snatchie?startDate=2019-01-01&endDate=2019-12-31&matchType=Lan
ottoNd,https://hltv.org/stats/players/11283/ottoNd?startDate=2019-01-01&endDate=2019-12-31&matchType=Lan
buster,https://hltv.org/stats/players/11942/buster?startDate=2019-01-01&endDate=2019-12-31&matchType=Lan
stavn,https://hltv.org/stats/players/10994/stavn?startDate=2019-01-01&endDate=2019-12-31&matchType=Lan
k1to,https://hltv.org/stats/players/12781/k1to?startDate=2019-01-01&endDate=2019-12-31&matchType=Lan
f0rest,https://hltv.org/stats/players/29/f0rest?startDate=2019-01-01&endDate=2019-12-31&matchType=Lan
Jerry,https://hltv.org/stats/players/13157/Jerry?startDate=2019-01-01&endDate=2019-12-31&matchType=Lan
darko,https://hltv.org/stats/players/11287/darko?startDate=2019-01-01&endDate=2019-12-31&matchType=Lan
blameF,https://hltv.org/stats/players/15165/blameF?startDate=2019-01-01&endDate=2019-12-31&matchType=Lan
Vegi,https://hltv.org/stats/players/15204/Vegi?startDate=2019-01-01&endDate=2019-12-31&matchType=Lan
EspiranTo,https://hltv.org/stats/players/12030/EspiranTo?startDate=2019-01-01&endDate=2019-12-31&matchType=Lan
hardzao,https://hltv.org/stats/players/16817/hardzao?startDate=2019-01-01&endDate=2019-12-31&matchType=Lan
Viva,https://hltv.org/stats/players/15419/Viva?startDate=2019-01-01&endDate=2019-12-31&matchType=Lan
rain,https://hltv.org/stats/players/8183/rain?startDate=2019-01-01&endDate=2019-12-31&matchType=Lan
aumaN,https://hltv.org/stats/players/8604/aumaN?startDate=2019-01-01&endDate=2019-12-31&matchType=Lan
k0nfig,https://hltv.org/stats/players/9078/k0nfig?startDate=2019-01-01&endDate=2019-12-31&matchType=Lan
motm,https://hltv.org/stats/players/13230/motm?startDate=2019-01-01&endDate=2019-12-31&matchType=Lan
facecrack,https://hltv.org/stats/players/8726/facecrack?startDate=2019-01-01&endDate=2019-12-31&matchType=Lan
flusha,https://hltv.org/stats/players/3055/flusha?startDate=2019-01-01&endDate=2019-12-31&matchType=Lan
qqGOD,https://hltv.org/stats/players/9289/qqGOD?startDate=2019-01-01&endDate=2019-12-31&matchType=Lan
JW,https://hltv.org/stats/players/3849/JW?startDate=2019-01-01&endDate=2019-12-31&matchType=Lan
sjuush,https://hltv.org/stats/players/14148/sjuush?startDate=2019-01-01&endDate=2019-12-31&matchType=Lan
nukkye,https://hltv.org/stats/players/13679/nukkye?startDate=2019-01-01&endDate=2019-12-31&matchType=Lan
autimatic,https://hltv.org/stats/players/8735/autimatic?startDate=2019-01-01&endDate=2019-12-31&matchType=Lan
FalleN,https://hltv.org/stats/players/2023/FalleN?startDate=2019-01-01&endDate=2019-12-31&matchType=Lan
oSee,https://hltv.org/stats/players/13249/oSee?startDate=2019-01-01&endDate=2019-12-31&matchType=Lan
somebody,https://hltv.org/stats/players/8605/somebody?startDate=2019-01-01&endDate=2019-12-31&matchType=Lan
Snax,https://hltv.org/stats/players/2553/Snax?startDate=2019-01-01&endDate=2019-12-31&matchType=Lan
Plopski,https://hltv.org/stats/players/14218/Plopski?startDate=2019-01-01&endDate=2019-12-31&matchType=Lan
aizy,https://hltv.org/stats/players/8095/aizy?startDate=2019-01-01&endDate=2019-12-31&matchType=Lan
kNgV-,https://hltv.org/stats/players/5736/kNgV-?startDate=2019-01-01&endDate=2019-12-31&matchType=Lan
shox,https://hltv.org/stats/players/1225/shox?startDate=2019-01-01&endDate=2019-12-31&matchType=Lan
Boombl4,https://hltv.org/stats/players/11840/Boombl4?startDate=2019-01-01&endDate=2019-12-31&matchType=Lan
b0RUP,https://hltv.org/stats/players/9896/b0RUP?startDate=2019-01-01&endDate=2019-12-31&matchType=Lan
Sidney,https://hltv.org/stats/players/15697/Sidney?startDate=2019-01-01&endDate=2019-12-31&matchType=Lan
tatazin,https://hltv.org/stats/players/10840/tatazin?startDate=2019-01-01&endDate=2019-12-31&matchType=Lan
arT,https://hltv.org/stats/players/12521/arT?startDate=2019-01-01&endDate=2019-12-31&matchType=Lan
Stewie2K,https://hltv.org/stats/players/8797/Stewie2K?startDate=2019-01-01&endDate=2019-12-31&matchType=Lan
foxz,https://hltv.org/stats/players/14577/foxz?startDate=2019-01-01&endDate=2019-12-31&matchType=Lan
gla1ve,https://hltv.org/stats/players/7412/gla1ve?startDate=2019-01-01&endDate=2019-12-31&matchType=Lan
Freeman,https://hltv.org/stats/players/10774/Freeman?startDate=2019-01-01&endDate=2019-12-31&matchType=Lan
SADDYX,https://hltv.org/stats/players/15563/SADDYX?startDate=2019-01-01&endDate=2019-12-31&matchType=Lan
flamie,https://hltv.org/stats/players/7594/flamie?startDate=2019-01-01&endDate=2019-12-31&matchType=Lan
n0rb3r7,https://hltv.org/stats/players/16612/n0rb3r7?startDate=2019-01-01&endDate=2019-12-31&matchType=Lan
land1n,https://hltv.org/stats/players/10557/land1n?startDate=2019-01-01&endDate=2019-12-31&matchType=Lan
es3tag,https://hltv.org/stats/players/8611/es3tag?startDate=2019-01-01&endDate=2019-12-31&matchType=Lan
broky,https://hltv.org/stats/players/18053/broky?startDate=2019-01-01&endDate=2019-12-31&matchType=Lan
JaCkz,https://hltv.org/stats/players/284/JaCkz?startDate=2019-01-01&endDate=2019-12-31&matchType=Lan
felps,https://hltv.org/stats/players/9219/felps?startDate=2019-01-01&endDate=2019-12-31&matchType=Lan
mopoz,https://hltv.org/stats/players/9254/mopoz?startDate=2019-01-01&endDate=2019-12-31&matchType=Lan
ISSAA,https://hltv.org/stats/players/10449/ISSAA?startDate=2019-01-01&endDate=2019-12-31&matchType=Lan
kioShiMa,https://hltv.org/stats/players/4959/kioShiMa?startDate=2019-01-01&endDate=2019-12-31&matchType=Lan
WorldEdit,https://hltv.org/stats/players/7403/WorldEdit?startDate=2019-01-01&endDate=2019-12-31&matchType=Lan
AmaNEk,https://hltv.org/stats/players/9616/AmaNEk?startDate=2019-01-01&endDate=2019-12-31&matchType=Lan
chrisJ,https://hltv.org/stats/players/2730/chrisJ?startDate=2019-01-01&endDate=2019-12-31&matchType=Lan
Summer,https://hltv.org/stats/players/7028/Summer?startDate=2019-01-01&endDate=2019-12-31&matchType=Lan
nitr0,https://hltv.org/stats/players/7687/nitr0?startDate=2019-01-01&endDate=2019-12-31&matchType=Lan
faveN,https://hltv.org/stats/players/14932/faveN?startDate=2019-01-01&endDate=2019-12-31&matchType=Lan
Lucky,https://hltv.org/stats/players/13497/Lucky?startDate=2019-01-01&endDate=2019-12-31&matchType=Lan
chelo,https://hltv.org/stats/players/10566/chelo?startDate=2019-01-01&endDate=2019-12-31&matchType=Lan
XANTARES,https://hltv.org/stats/players/7938/XANTARES?startDate=2019-01-01&endDate=2019-12-31&matchType=Lan
zhokiNg,https://hltv.org/stats/players/8601/zhokiNg?startDate=2019-01-01&endDate=2019-12-31&matchType=Lan
Aerial,https://hltv.org/stats/players/4076/Aerial?startDate=2019-01-01&endDate=2019-12-31&matchType=Lan
MINISE,https://hltv.org/stats/players/2826/MINISE?startDate=2019-01-01&endDate=2019-12-31&matchType=Lan
REZ,https://hltv.org/stats/players/9278/REZ?startDate=2019-01-01&endDate=2019-12-31&matchType=Lan
apEX,https://hltv.org/stats/players/7322/apEX?startDate=2019-01-01&endDate=2019-12-31&matchType=Lan
twist,https://hltv.org/stats/players/7443/twist?startDate=2019-01-01&endDate=2019-12-31&matchType=Lan
tiburci0,https://hltv.org/stats/players/16695/tiburci0?startDate=2019-01-01&endDate=2019-12-31&matchType=Lan
mouz,https://hltv.org/stats/players/8323/mouz?startDate=2019-01-01&endDate=2019-12-31&matchType=Lan
cadiaN,https://hltv.org/stats/players/7964/cadiaN?startDate=2019-01-01&endDate=2019-12-31&matchType=Lan
TeSeS,https://hltv.org/stats/players/12018/TeSeS?startDate=2019-01-01&endDate=2019-12-31&matchType=Lan
Tuurtle,https://hltv.org/stats/players/14394/Tuurtle?startDate=2019-01-01&endDate=2019-12-31&matchType=Lan
JUGi,https://hltv.org/stats/players/8783/JUGi?startDate=2019-01-01&endDate=2019-12-31&matchType=Lan
neptune,https://hltv.org/stats/players/12101/neptune?startDate=2019-01-01&endDate=2019-12-31&matchType=Lan
NBK-,https://hltv.org/stats/players/7168/NBK-?startDate=2019-01-01&endDate=2019-12-31&matchType=Lan
GuardiaN,https://hltv.org/stats/players/2757/GuardiaN?startDate=2019-01-01&endDate=2019-12-31&matchType=Lan
prt,https://hltv.org/stats/players/10827/prt?startDate=2019-01-01&endDate=2019-12-31&matchType=Lan
olofmeister,https://hltv.org/stats/players/885/olofmeister?startDate=2019-01-01&endDate=2019-12-31&matchType=Lan
ryann,https://hltv.org/stats/players/12088/ryann?startDate=2019-01-01&endDate=2019-12-31&matchType=Lan
tarik,https://hltv.org/stats/players/8523/tarik?startDate=2019-01-01&endDate=2019-12-31&matchType=Lan
Liazz,https://hltv.org/stats/players/10588/Liazz?startDate=2019-01-01&endDate=2019-12-31&matchType=Lan
nex,https://hltv.org/stats/players/7256/nex?startDate=2019-01-01&endDate=2019-12-31&matchType=Lan
Edward,https://hltv.org/stats/players/483/Edward?startDate=2019-01-01&endDate=2019-12-31&matchType=Lan
ShahZaM,https://hltv.org/stats/players/7810/ShahZaM?startDate=2019-01-01&endDate=2019-12-31&matchType=Lan
malta,https://hltv.org/stats/players/11485/malta?startDate=2019-01-01&endDate=2019-12-31&matchType=Lan
Snappi,https://hltv.org/stats/players/922/Snappi?startDate=2019-01-01&endDate=2019-12-31&matchType=Lan
LUCAS1,https://hltv.org/stats/players/8566/LUCAS1?startDate=2019-01-01&endDate=2019-12-31&matchType=Lan
v1c7oR,https://hltv.org/stats/players/7834/v1c7oR?startDate=2019-01-01&endDate=2019-12-31&matchType=Lan
lunAtic,https://hltv.org/stats/players/9798/lunAtic?startDate=2019-01-01&endDate=2019-12-31&matchType=Lan
Aleksib,https://hltv.org/stats/players/9816/Aleksib?startDate=2019-01-01&endDate=2019-12-31&matchType=Lan
gade,https://hltv.org/stats/players/8875/gade?startDate=2019-01-01&endDate=2019-12-31&matchType=Lan
blocker,https://hltv.org/stats/players/10697/blocker?startDate=2019-01-01&endDate=2019-12-31&matchType=Lan
chopper,https://hltv.org/stats/players/7716/chopper?startDate=2019-01-01&endDate=2019-12-31&matchType=Lan
cajunb,https://hltv.org/stats/players/2469/cajunb?startDate=2019-01-01&endDate=2019-12-31&matchType=Lan
loWel,https://hltv.org/stats/players/3997/loWel?startDate=2019-01-01&endDate=2019-12-31&matchType=Lan
VINI,https://hltv.org/stats/players/12822/VINI?startDate=2019-01-01&endDate=2019-12-31&matchType=Lan
wannafly,https://hltv.org/stats/players/13461/wannafly?startDate=2019-01-01&endDate=2019-12-31&matchType=Lan
arvid,https://hltv.org/stats/players/9325/arvid?startDate=2019-01-01&endDate=2019-12-31&matchType=Lan
bottle,https://hltv.org/stats/players/10168/bottle?startDate=2019-01-01&endDate=2019-12-31&matchType=Lan
phr,https://hltv.org/stats/players/11891/phr?startDate=2019-01-01&endDate=2019-12-31&matchType=Lan
Gratisfaction,https://hltv.org/stats/players/9686/Gratisfaction?startDate=2019-01-01&endDate=2019-12-31&matchType=Lan
Spiidi,https://hltv.org/stats/players/7499/Spiidi?startDate=2019-01-01&endDate=2019-12-31&matchType=Lan
ALEX,https://hltv.org/stats/players/8184/ALEX?startDate=2019-01-01&endDate=2019-12-31&matchType=Lan
denis,https://hltv.org/stats/players/7511/denis?startDate=2019-01-01&endDate=2019-12-31&matchType=Lan
NaToSaphiX,https://hltv.org/stats/players/9294/NaToSaphiX?startDate=2019-01-01&endDate=2019-12-31&matchType=Lan
dennis,https://hltv.org/stats/players/1146/dennis?startDate=2019-01-01&endDate=2019-12-31&matchType=Lan
reversive,https://hltv.org/stats/players/9221/reversive?startDate=2019-01-01&endDate=2019-12-31&matchType=Lan
Pizituh,https://hltv.org/stats/players/4005/Pizituh?startDate=2019-01-01&endDate=2019-12-31&matchType=Lan
Attacker,https://hltv.org/stats/players/8552/Attacker?startDate=2019-01-01&endDate=2019-12-31&matchType=Lan
xand,https://hltv.org/stats/players/9218/xand?startDate=2019-01-01&endDate=2019-12-31&matchType=Lan
xseveN,https://hltv.org/stats/players/7248/xseveN?startDate=2019-01-01&endDate=2019-12-31&matchType=Lan
Lekr0,https://hltv.org/stats/players/9261/Lekr0?startDate=2019-01-01&endDate=2019-12-31&matchType=Lan
stanislaw,https://hltv.org/stats/players/8507/stanislaw?startDate=2019-01-01&endDate=2019-12-31&matchType=Lan
BuJ,https://hltv.org/stats/players/10109/BuJ?startDate=2019-01-01&endDate=2019-12-31&matchType=Lan
RpK,https://hltv.org/stats/players/7169/RpK?startDate=2019-01-01&endDate=2019-12-31&matchType=Lan
friberg,https://hltv.org/stats/players/7148/friberg?startDate=2019-01-01&endDate=2019-12-31&matchType=Lan
DickStacy,https://hltv.org/stats/players/12876/DickStacy?startDate=2019-01-01&endDate=2019-12-31&matchType=Lan
AZR,https://hltv.org/stats/players/8082/AZR?startDate=2019-01-01&endDate=2019-12-31&matchType=Lan
yel,https://hltv.org/stats/players/10560/yel?startDate=2019-01-01&endDate=2019-12-31&matchType=Lan
fitch,https://hltv.org/stats/players/10052/fitch?startDate=2019-01-01&endDate=2019-12-31&matchType=Lan
SANJI,https://hltv.org/stats/players/11716/SANJI?startDate=2019-01-01&endDate=2019-12-31&matchType=Lan
ableJ,https://hltv.org/stats/players/16770/ableJ?startDate=2019-01-01&endDate=2019-12-31&matchType=Lan
mirbit,https://hltv.org/stats/players/11701/mirbit?startDate=2019-01-01&endDate=2019-12-31&matchType=Lan
dephh,https://hltv.org/stats/players/7873/dephh?startDate=2019-01-01&endDate=2019-12-31&matchType=Lan
RUSH,https://hltv.org/stats/players/7805/RUSH?startDate=2019-01-01&endDate=2019-12-31&matchType=Lan
max,https://hltv.org/stats/players/12092/max?startDate=2019-01-01&endDate=2019-12-31&matchType=Lan
xartE,https://hltv.org/stats/players/7537/xartE?startDate=2019-01-01&endDate=2019-12-31&matchType=Lan
freakazoid,https://hltv.org/stats/players/7808/freakazoid?startDate=2019-01-01&endDate=2019-12-31&matchType=Lan
KHRN,https://hltv.org/stats/players/971/KHRN?startDate=2019-01-01&endDate=2019-12-31&matchType=Lan
koosta,https://hltv.org/stats/players/9056/koosta?startDate=2019-01-01&endDate=2019-12-31&matchType=Lan
karrigan,https://hltv.org/stats/players/429/karrigan?startDate=2019-01-01&endDate=2019-12-31&matchType=Lan
TACO,https://hltv.org/stats/players/9217/TACO?startDate=2019-01-01&endDate=2019-12-31&matchType=Lan
LETN1,https://hltv.org/stats/players/4216/LETN1?startDate=2019-01-01&endDate=2019-12-31&matchType=Lan
Lucaozy,https://hltv.org/stats/players/18717/Lucaozy?startDate=2019-01-01&endDate=2019-12-31&matchType=Lan
Golden,https://hltv.org/stats/players/11110/Golden?startDate=2019-01-01&endDate=2019-12-31&matchType=Lan
BLOODZ,https://hltv.org/stats/players/10110/BLOODZ?startDate=2019-01-01&endDate=2019-12-31&matchType=Lan
AdreN,https://hltv.org/stats/players/334/AdreN?startDate=2019-01-01&endDate=2019-12-31&matchType=Lan
1962,https://hltv.org/stats/players/12094/1962?startDate=2019-01-01&endDate=2019-12-31&matchType=Lan
Zeus,https://hltv.org/stats/players/484/Zeus?startDate=2019-01-01&endDate=2019-12-31&matchType=Lan
Xizt,https://hltv.org/stats/players/884/Xizt?startDate=2019-01-01&endDate=2019-12-31&matchType=Lan
GeT_RiGhT,https://hltv.org/stats/players/39/GeT_RiGhT?startDate=2019-01-01&endDate=2019-12-31&matchType=Lan
bubble,https://hltv.org/stats/players/2799/bubble?startDate=2019-01-01&endDate=2019-12-31&matchType=Lan
TaZ,https://hltv.org/stats/players/161/TaZ?startDate=2019-01-01&endDate=2019-12-31&matchType=Lan
ANGE1,https://hltv.org/stats/players/339/ANGE1?startDate=2019-01-01&endDate=2019-12-31&matchType=Lan
daps,https://hltv.org/stats/players/8521/daps?startDate=2019-01-01&endDate=2019-12-31&matchType=Lan
tiziaN,https://hltv.org/stats/players/5796/tiziaN?startDate=2019-01-01&endDate=2019-12-31&matchType=Lan
HUNDEN,https://hltv.org/stats/players/7415/HUNDEN?startDate=2019-01-01&endDate=2019-12-31&matchType=Lan
advent,https://hltv.org/stats/players/8600/advent?startDate=2019-01-01&endDate=2019-12-31&matchType=Lan
gob b,https://hltv.org/stats/players/136/gob%20b?startDate=2019-01-01&endDate=2019-12-31&matchType=Lan
